,,State,Statute,Category / Model,Requirement (summary),Provision (summary),Text Excerpt,,,,,,,,
,1,Alabama,No school-specific statute identified in current review,,,,,,,,,,,,
,2,Alaska,No school-specific statute identified in current review,,,,,,,,,,,,
,3,Arizona,No school-specific statute identified in current review,,,,,,,,,,,,
,4,Arkansas,No school-specific statute identified in current review,,,,,,,,,,,,
1,5,California,Cal. Elec. Code §2146(a) & (b),Secretary of State responsibility to distribute VR forms to schools,"Form Distribution:
High schools are required to designate a person responsible for distributing voter registration forms, and the Secretary of State is required to distribute forms to high schools. ",Requirement for Secretary of State to provide high schools with voter registration forms.,"Cal Elec Code 2146 (a) The Secretary of State shall annually provide every high school, community college, and California State University and University of California campus with voter registration forms. The Secretary of State shall provide additional forms to a school, free of charge, if so requested by a school. 
(b) The Secretary of State shall provide a written notice with each registration form describing eligibility requirements and informing each student that he or she may return the completed form in person or by mail to the elections official of the county in which the student resides or to the Secretary of State.",,,,,,,,
1,5,California,Cal. Elec. Code §2146(e),Statement of legislative intent,permissive; don't include,Intent of legislature for high schools to encourage voter registration,"Cal Elec Code 2146 (e) ""It is the intent of the Legislature that every eligible high school and college student receive a meaningful opportunity to apply to register to vote. It is also the intent of the Legislature that every school do all in its power to ensure that students are provided the opportunity and means to apply to register to vote. This may include providing voter registration forms at the start of the school year, including voter registration forms with orientation materials; placing voter registration forms at central locations, including voter registration forms with graduation materials; or providing hyperlinks to, and the Internet Web site address of, the Secretary of State's electronic voter registration system in notices sent by electronic mail to students and placed on the Internet Web site of the high school, college, or university.""",,,,,,,,
1,5,California,Cal. Elec. Code §2148,Designation of person responsible to distribute forms in high schools,included in form distribution in row 6.,Requirement for high schools to designate person responsible for distributing voter registration forms,"(a) Every high school, community college, and California State University campus shall designate a contact person and provide his or her address, telephone number, and e-mail address, when possible, to the Secretary of State for the Secretary of State to contact in order to facilitate the distribution of voter registration cards, as provided under this article.",,,,,,,,
1,5,California,Cal. Educ. Code § 49040,Civic registration weeks,"Special Days:
The last two full weeks in April and September are designated as High School Voter Education Weeks, during which during time persons authorized by the county elections official shall be allowed to register students and school personnel on any high school campus.",Establishes statewide High School Voter Education Weeks allowing on-campus registration activities.,"49040. (a) The last two full weeks in April and the last two full weeks in September shall be known as ""high school voter education weeks,"" during which time persons authorized by the county elections official shall be allowed to register students and school personnel on any high school campus.
(b) This section does not preclude a person from registering to vote students and school personnel on a high school campus as is otherwise permitted by the Elections Codes",,,,,California,Educ. Code §§ 49040–49041,Civic registration weeks,Establishes High School Voter Education Weeks and allows student voter-outreach coordinators.
1,5,California,Cal. Educ. Code § 49041,Student outreach coordinators,permissive; don't include,Schools may appoint student voter outreach coordinators to organize registration and civic participation.,"(a) The administrator of a high school, or his or her designee, may appoint one or more pupils who are enrolled at that high school to be voter outreach coordinators.
(b) A voter outreach coordinator may coordinate voter registration activities on his or her high school campus that encourage persons who are eligible to register to vote pursuant to Section 2101 of the Elections Code, or other persons who may submit an affidavit of registration pursuant to Section 2102 of the Elections Code, to apply to register to vote by submitting an affidavit of registration on paper or electronically on the Internet Web site of the Secretary of State.
(c) A voter outreach coordinator may, with the approval of the administrator of the high school, or his or her designee, coordinate election-related activities on his or her high school campus, including voter registration drives, mock elections, debates, and other election-related pupil outreach activities.",,,,,,,,
2,6,Colorado,Colo. Rev. Stat. § 1-2-401,Statement of legislative intent,permissive; don't include,Intent to make VR more convenient,"It is the intent of the general assembly that, in order to promote and encourage voter registration of all eligible electors in the state, registration should be made as convenient as possible. It is determined by the general assembly that if voter registration is convenient, the number of registered voters will increase. It is further determined by the general assembly that support and cooperation of school officials and interested citizens will make high school registration successful. It is therefore the purpose of this part 4 to encourage voter registration by providing convenient registration procedures for qualified high school students, employees, and other persons by using high school deputy registrars.",,,,,,,,
2,6,Colorado,Colo. Rev. Stat. § 1-2-402,School registrar,permissive; don't include,High school principals or designees may serve as deputy registrars.,"(1) Each principal of a public high school, or the principal's designee who is a registered voter in the county, may serve as a deputy registrar. The principal of each high school shall notify the county clerk and recorder of the county in which the high school is located of the name of the school's deputy registrar, and the county clerk and recorder shall maintain a list of the names of all of the high school deputy registrars in that county in a public file.
(2) The high school deputy registrar may register or preregister any student, employee of the school, other person who attends school functions, or any other person who is eligible to register or preregister to vote. Voter registration may be made available only when the school is open for classes or any other school or community function. The high school deputy registrar shall take registrations or preregistrations only on school district premises.
(3) A high school deputy registrar may have available an official application form for voter registration for each student who is eighteen years of age or who will be eighteen years of age at the time of the next election. A high school deputy registrar may have available an official application form for preregistration for each student who is fifteen years of age.",,,,,Colorado,"CRS §§ 1-2-402, 1-2-403",School registrar,High school principals or designees may serve as deputy registrars; county clerks train them.
2,6,Colorado,Colo. Rev. Stat. § 1-2-403(1) & (2),Implementation / training,"Training:
The county clerk and recorder shall train and supervise the high school deputy registrars.

Form Distribution:
The county clerk and recorder shall issue sufficient materials to each high school deputy registrar for the registration or preregistration of all eligible students, employees, and other persons at the high school which the high school deputy registrar serves.",County clerks must train high school deputy registrars and provide registration materials.,"(1) The county clerk and recorder shall train and supervise the high school deputy registrars, and, after training is completed, shall administer the oath of office to the high school deputy registrars.
(2) The county clerk and recorder shall issue sufficient materials to each high school deputy registrar for the registration or preregistration of all eligible students, employees, and other persons at the high school which the high school deputy registrar serves. The high school deputy registrar shall give a receipt to the county clerk and recorder for all materials issued.",,,,,,,,
3,7,Connecticut,Conn. Gen. Stat. § 9-17(c),Registration sessions,"Form distribution and registration sessions:
Registrars of voters must hold registration sessions in public high schools annually in the winter or spring and must distribute voter registration information in high schools in September each year
",Election registrars must hold registration sessions in public high schools annually and must distribute voter registration information in high schools,"the registrars of voters in each town shall: (1) Hold one session each year, between the first of January and the last day of the school year, at each public high school in such town, for the admission of persons who are eligible for admission under subsection (a) or (b) of section 9-12, provided, in the case of a public high school in a regional school district, such session shall be held on a rotating basis by the registrars of voters for each town which is a member of the regional school district. The registrars of voters need not give notice of this session by publication in a newspaper; and
(2) Distribute each year, on the fourth Tuesday of September, at each public high school in such town, information regarding eligibility for admission under subsection (a) or (b) of section 9-12 and procedures for applying for such admission. The registrars of voters and the principal of any such public high school shall determine the best means of distributing such information at such public high school.",,,,,Connecticut,CGS § 9-17,Registration sessions,Registrars must hold a voter-registration session annually in each public high school.
,8,Delaware,15 Del. C. § 2050A,Registration opportunity in schools,,Department of Elections coordinates registration opportunities in high schools.,“The Department shall establish procedures to provide voter registration opportunities in each public high school in the State.”,,,,,Delaware,15 Del. C. § 2050A,School registration opportunity,Department of Elections must provide voter-registration opportunities in public high schools.
4,9,Florida,Fla. Admin. Code Ann. R. 1S-2.033,HSVR program requirement,"Education and Training:
County supervisor must conduct high school voter registration / education program in each high school",County supervisor must conduct high school voter registration / education program in each high school,"(3) Voter Registration/Education and Training Programs. 
A county supervisor of elections shall:
(a) Conduct at least once a year a high school voter registration/education program in each public high school in the county. The program must be developed in cooperation with the local school board and be designed for maximum effectiveness in reaching and educating high school students who are eligible to pre-register or register.",,,,,,,,
5,10,Georgia,O.C.G.A. § 20-2-310(b),Civic information requirement,"Education: 
Each public school student shall be apprised of his or her right to register as an elector and to vote in elections 

Special Days:
Each eligible student shall be given an opportunity, arranged by the school administration, to register to vote at his or her school during the month of April of each year. ",Schools provide students information on civic responsibilities including voter registration.,"(b) Each eligible student in the public schools of this state shall be apprised of his or her right to register as an elector and to vote in elections and of any obligation to register with the Selective Service System. Each eligible student shall be given an opportunity, arranged by the school administration, to register to vote at his or her school during the month of April of each year. The State Board of Education shall promulgate rules and regulations to carry out this Code section. An excused absence of a student to register or vote, at the discretion of the local unit of administration, shall not exceed one school day.",,,,,Georgia,O.C.G.A. § 20-2-310,Civic information / forms,Schools provide students information about voter registration and civic responsibilities.
,11,Hawaii,No school-specific statute identified in current review,,,,,,,,,,,,
,12,Idaho,No school-specific statute identified in current review,,,,,,,,,,,,
6,13,Illinois,10 ILCS 5/1A-60,"Distribution of materials
Access for drives","Form Distribution:
Schools must distribute voter registration materials to high schools",Schools must distribute voter registration materials to high schools and may not prohibit nonpartisan voter-registration activity on campus.,"(a) The State Board of Elections shall prepare a one page document explaining the process to register to vote to be disseminated to high school age students. Every high school must provide students with that document, which may be disseminated electronically.
(b) No high school may prohibit nonpartisan voter registration activities on its premises. A high school may adopt reasonable regulations restricting nonpartisan voter registration activities.",,,,,Illinois,10 ILCS 5/1A-65,Access requirement,High schools may not prohibit nonpartisan voter-registration activity on campus.
,14,Indiana,Ind. Code § 3-7-31-5,Distribution to students,,Schools provide voter-registration applications to students who will soon be eligible to vote.,“Each high school shall provide a voter registration application to each student who will be at least eighteen (18) years of age before the next general election.”,chat was wrong. the section does not have this langauge. and the language was from a bill that did not pass,,,,Indiana,IC § 3-7-31-5,Forms distributed to students,High schools provide voter-registration applications to students who will be eligible to vote.
7,15,Iowa,Iowa Code § 48A.23,School registration drives,"Opportunity to register:
At least twice during each school year, public and private high schools shall offer the opportunity to register to vote to students who are at least 17 years old.",Schools must offer students voter-registration opportunities.,"Registration at educational institutions. 1. At least twice during each school year, the board of directors of each school district operating a high school and the authorities in charge of each accredited nonpublic school shall offer the opportunity to register to vote to each student who is at least seventeen years of age. 2. All postsecondary schools, including but not limited to colleges, universities, and trade and technical schools which receive state funding, shall offer the opportunity to register to vote to each student at least once each year. Students shall be provided with the federal voter registration form or the Iowa voter registration form, as applicable.",,,,,Iowa,"Iowa Code §§ 48A.23, 280.9A",Mandatory school registration drives,Schools must offer voter-registration opportunities at least twice per school year.
7,15,Iowa,Iowa Code § 280.9A.1. & 4.,Civic instruction + registration,"Education:
Public and private high schools shall require, as a condition of graduation, that high school students receive instruction in voting statutes and procedures, voter registration requirements, the use of paper ballots and voting systems in the election process, and the method of acquiring and casting an absentee ballot.",Civics curriculum includes voter registration instruction and drives.,"1. The board of directors of each local public school district and the authorities in charge of each nonpublic school shall require that all students in grades nine through twelve complete, as a condition of graduation, instruction in American history and the governments of Iowa and the United States, including instruction in voting statutes and procedures, voter registration requirements, the use of paper ballots and voting systems in the election process, and the method of acquiring and casting an absentee ballot.
4. At least twice during each school year, the board of directors of each local public school district operating a high school and the authorities in charge of each accredited nonpublic school operating a high school shall offer the opportunity to register to vote to each student who is at least seventeen years of age, as required by section 48A.23.
88 Acts, ch 1129, §1; 90 Acts, ch 1238, §38; 94 Acts, ch 1169, §57; 2008 ",,,,,,,,
8,16,Kansas,K.S.A. § 25-2303(c),Designation of school personnel,permissive; don't include,Authority to designate school officials as deputy registrars,"(c) Deputy county election officers shall maintain records and perform duties under the provisions of this act only in the manner prescribed by the county election officer. County election officers may appoint such deputy county election officers as deemed appropriate, including, but not limited to, the city clerk of any city, personnel in any public high school, any public library or public institution of higher education, in addition to those required to be appointed under the provisions of subsection (b).",,,,,Kansas,KSA § 25-2307,Forms available,County election officers supply registration forms to high schools.
9,17,Kentucky,Ky. Rev. Stat. § 116.046,Forms + designated staff + annual program,"Form distribution and assistance:
The county clerk shall provide voter registration forms annually to each public and private high school. Each school shall have a designated person who shall be responsible for informing students of the availability of the registration forms and assisting them in registering. ",Clerk required to distribute voter registration forms to high schools. Schools required to designate a staff member responsible for informing students about voter-registration forms. State board of education required to implement annual program,"(1) The county clerk shall provide voter registration forms annually to each principal or assistant principal of every public high school, each area technology center, and private schools, and each school shall have a designated person who shall be responsible for informing students and school personnel of the availability of the registration forms and assist them in properly registering. The completed forms shall be returned to the county clerk, for official registration by the county clerk. (2) Any person designated to assist in registration in subsection (1) of this section shall fulfill this responsibility in an impartial and fair manner and shall not recruit a registrant for any particular party. (3) The State Board of Education shall implement annual programs of public education regarding elections, voting procedures, and election fraud, which shall include an audio-visual presentation for high school juniors and seniors. The State Board of Education, after consultation with the State Board of Elections, shall update the public education programs required by this section as relevant statutory changes occur, as different types of voting systems are used, or as more effective methods of presentation shall be developed.",,,,,Kentucky,KRS § 116.046,Forms + school contact,County clerks supply forms; schools designate staff responsible for informing students.
10,18,Louisiana,La. Rev. Stat. § 17:2121,Registration opportunity,"Opportunity to register:
Public schools shall provide an opportunity for each high school senior who is at least seventeen years old to register to vote by using a school computer to fill out an electronic voter registration application or by using the state mail voter registration application form.
",Schools must allow eligible seniors to register to vote.,"A. Each public school governing authority shall provide an opportunity for each high school senior who is at least seventeen years old to register to vote by using a school computer to fill out an electronic voter registration application or by using the state mail voter registration application form.
B. No public school governing authority shall allow the involvement of any political or partisan group or organization in the registration process.
C. Each public school governing authority shall adopt policies for the implementation of this Section and shall review the policies, at minimum, every five years for the purpose of considering any needed revisions or updates.
D. Each public school governing authority may follow guidance provided by the secretary of state in implementing the provisions of this Section.",,,,,Louisiana,La. Rev. Stat. § 17:2121,Registration opportunity,Schools must give eligible seniors the opportunity to register to vote.
10,18,Louisiana,La. Rev. Stat. § 17:2121.1,Designated day,"Special Days:
The first Tuesday after the first Monday in May annually shall be known as Louisiana High School Seniors Voter Registration Day.",Louisiana High School Senior Voter Registration Day,"A. The first Tuesday after the first Monday in May annually shall be known as Louisiana High School Seniors Voter Registration Day.
B. Nothing in this Section shall be construed to create any duty or obligation for the secretary of state or any registrar of voters.",,,,,,,,
10,18,Louisiana,"La. Admin. Code tit. 31, § II-503.A.2",Designated voter registration agency,"Voter Registration Agencies
Public high schools are designated as voter registration agencies.",Public high schools designated as voter registration agencies,"A. The following offices are hereby designated as voter registration agencies:
... 2. all public high schools",,,,,,,,
11,19,Maine,"Me. Rev. Stat. tit. 21-A, § 181(1)(B)(3)",Voter-registration agencies,"Voter Registration Agencies
Public high schools are designated as voter registration agencies.",Public high schools are designated voter registration agencies under the NVRA,"The designated voter registration agencies pursuant to NVRA include, but are not limited to:  B.(3): The public high schools;  ",,,,,,,,
,20,Maryland,Md. Election Law § 3-203,Forms provided in schools,,Election boards supply voter-registration applications to high schools.,chat was wrong,,,,,Maryland,Election Law § 3-203,Forms provided to schools,Local election boards provide voter-registration applications to high schools.
12,21,Massachusetts,Mass. Gen. Laws ch. 51 § 42C,School registration sessions,,Election officials may hold annual voter-registration sessions in high schools.,"In any city or town which accepts the provisions of this section, voter education and voluntary registration sessions shall be held by the registrars, assistant registrars or election commissioners one day each year between the first day of April and the fifteenth day of May in each public, private and vocational high school in their cities and towns. Said sessions shall take place as part of an educational assembly for all seniors.
A registrar or assistant registrar at a session held pursuant to the provisions of this section may receive affidavits of registration from registrants who reside in any other city or town of the commonwealth. The registrars shall forthwith transmit any such completed affidavits of registration to the registrars of the city or town where the registrant claims to reside, and said registrars shall receive such affidavits as provided in sections forty-six to forty-seven B, inclusive.
This section shall take effect upon its acceptance by any city or town.",,,,,Massachusetts,"M.G.L. ch. 51 §§ 42C, 42E",Registration sessions + forms,High schools host registration assemblies and make registration forms available.
12,21,Massachusetts,Mass. Gen. Laws ch. 51 § 42E,Forms available,,High schools must make voter-registration affidavit forms available to students.,"All public and independent colleges, universities, high schools and vocational schools shall make available affidavit of voter registration forms at all locations where students may register for classes. Such locations shall be published along with the annual course listing for students or in some other schoolwide publication. Every such school shall publicize the availability of such voter registration affidavit forms within the school.",,,,,,,,
12,21,Massachusetts,"Mass. Gen. Laws ch. 51, § 26A",State high school voter challenge program,,The state secretary must establish a non-partisan high school voter challenge program and promulgate regulations for participating high schools.,"(a) The state secretary, in consultation with the commissioner of elementary and secondary education and the board of elementary and secondary education, shall establish a non-partisan high school voter challenge program and shall promulgate regulations to implement the program in participating high schools in the commonwealth; provided, however, that the regulations shall identify registration time periods that allow eligible students to participate in all municipal and state elections, including primary elections.
(b) Superintendents of schools shall ensure that each voter challenge program implemented in their districts provide opportunities for outreach and for all eligible students to register or pre-register to vote on any participating high school campus. An enrolled high school student may apply to serve as a voter outreach coordinator or be selected to serve as a voter outreach coordinator by a peer nomination process.",,,,,,,,
,22,Michigan,Mich. Comp. Laws § 168.497,Forms available in schools,,School districts must make voter registration applications available to students who are eligible to vote.,,,,,,,,,
,22,Michigan,No school-specific statute identified in current review,,,,,,,,,,,,
13,23,Minnesota,Minn. Stat. § 201.1611(b) & (c),Forms distributed twice yearly,"Form Distribution:
Schools must make voter-registration applications available each May and September and may request forms from the Secretary of State",Schools must make voter-registration applications available each May and September and may request forms from the Secretary of State and must inform students that registering to vote is not a graduation requirement,"(b) All school districts must make available paper or electronic voter registration applications each May and September to all students registered as students of the school district who are eligible to register or preregister to vote. A school district has no obligation to provide voter registration applications to students who participate in a postsecondary education option program or who otherwise maintain residence in the district but do not attend a school operated by the district. A school district fulfills its obligation to a student under this section if it provides a voter registration application to the student one time.
(c) The voter registration forms must contain spaces for the information required in section 201.071, subdivision 1, and applicable rules of the secretary of state. The institutions and school districts may request these forms from the secretary of state. Institutions must consult with their campus student government in determining the most effective means of distributing the forms and in seeking to facilitate election day registration of students under section 201.061, subdivision 3. School districts must advise students that completion of the voter registration application is not a school district requirement.",,,,,Minnesota,Minn. Stat. § 201.1611,Forms distributed twice yearly,Schools must make registration applications available in May and September.
,24,Mississippi,No school-specific statute identified in current review,,,,"(c) The voter registration forms must contain spaces for the information required in section 201.071, subdivision 1, and applicable rules of the secretary of state. The institutions and school districts may request these forms from the secretary of state. Institutions must consult with their campus student government in determining the most effective means of distributing the forms and in seeking to facilitate election day registration of students under section 201.061, subdivision 3. School districts must advise students that completion of the voter registration application is not a school district requirement.",,,,,,,,
,25,Missouri,No school-specific statute identified in current review,,,,,,,,,,,,
,26,Montana,No school-specific statute identified in current review,,,,,,,,,,,,
,27,Nebraska,No school-specific statute identified in current review,,,,,,,,,,,,
,28,Nevada,No school-specific statute identified in current review,,,,,,,,,,,,
,29,New Hampshire,No school-specific statute identified in current review,,,,,,,,,,,,
14,30,New Jersey,N.J. Stat. § 18A:36-27,Distribution before graduation,,Schools provide voter-registration forms and civic-participation information to seniors.,"The board of education of each school district and the appropriate school officials in each nonpublic school shall provide a voter registration form, a summary of voter registration eligibility requirements, and material describing the role of a citizen and the importance of voting to each eligible high school pupil prior to the graduation date for the school year. This material shall be nonpartisan and conform to the provisions of N.J.S.18A:42-4.",,,,,New Jersey,N.J. Stat. § 18A:36-27,Distribution before graduation,Schools provide voter-registration forms and civic-participation materials to students.
14,30,New Jersey,N.J. Admin. Code § 6A:32-14.2,Statement of Assurance,,Districts to provide a statement that they distributed forms,"The chief school administrator of a public school district, the administrator of a nonpublic school with high schools, or the head administrator of a private agency that provides educational services for high schools by means of public funds shall sign a statement of assurance and submit it to the executive county superintendent no later than June 30 each year. The statement of assurance shall affirm the distribution of voter registration forms, a summary of voter registration eligibility requirements, and materials describing the role of a citizen and the importance of voting.",,,,,,,,
,31,New Mexico,No school-specific statute identified in current review,,,,,,,,,,,,
15,32,New York,N.Y. Elec. Law § 5-507.2,School policy requirement,,Schools must adopt policies promoting student voter registration and preregistration.,"Local boards of education, boards of cooperative educational services, charter schools and non public schools are required to adopt policies to promote student voter registration and pre-registration. These policies may include collaboration with county boards of elections to conduct voter registration and pre-registration in high schools and shall include, but not be limited to, procedures for: (i) providing access to voter registration and pre-registration applications during the school year and assistance with filing such applications; and (ii) informing students of the state requirements for voter registration and pre-registration. Completion and submission of voter registration or pre-registration forms shall not be a course requirement or graded assignment for students.",,,,,New York,Elec. Law § 5-507,School policy requirement,Schools must adopt policies promoting student voter registration and preregistration.
16,33,North Carolina,N.C. Gen. Stat. § 163-82.23,Forms available,"Form Availability:
Every public high school shall make available to its students and others who are eligible to register to vote the application forms, applicaiton forms, and shall keep a sufficient supply of the forms so that they are always available.",High schools must maintain voter-registration forms for students.,"Every public high school shall make available to its students and others who are eligible to register to vote the application forms described in G.S. 163‑82.3, and shall keep a sufficient supply of the forms so that they are always available. A local board of education may, but is not required to, designate high school employees to assist in completing the forms. Only employees who volunteer for this duty may be designated by boards of education.",,,,,North Carolina,N.C. Gen. Stat. § 163-82.23,Forms available in schools,High schools must maintain voter-registration forms for students.
,34,North Dakota,No school-specific statute identified in current review,,,,,,,,,,,,
17,35,Ohio,Ohio Rev. Code § 3503.19,School intake site,,"High schools act similarly to voter registration agencies, may receive voter-registration applications and forward them to election officials.","(A) Persons qualified to register or to change their registration because of a change of address or change of name may register or change their registration in person at any state or local office of a designated agency, at the office of the registrar or any deputy registrar of motor vehicles, at a public high school or vocational school, at a public library, at the office of a county treasurer, or at a branch office established by the board of elections, or in person, through another person, or by mail at the office of the secretary of state or at the office of a board of elections. A registered elector may also change the elector's registration on election day at any polling place where the elector is eligible to vote, in the manner provided under section 3503.16 of the Revised Code.
Any state or local office of a designated agency, a public high school or vocational school, a public library, or the office of a county treasurer shall transmit any voter registration application or change of registration form that it receives to the board of elections of the county in which the state or local office is located, within five days after receiving the voter registration application or change of registration form. The office of the registrar or any deputy registrar of motor vehicles shall transmit any electronic voter registration application or change of registration that it receives to the secretary of state within twenty-four hours after receiving it, and shall transmit any paper voter registration application or change of registration form that it receives to the board of elections of the county in which the office of the registrar or deputy registrar is located within five days after receiving the voter registration application or change of registration form, as required under section 3503.11 of the Revised Code.
An otherwise valid voter registration application that is returned to the appropriate office other than by mail must be received by a state or local office of a designated agency, the office of the registrar or any deputy registrar of motor vehicles, a public high school or vocational school, a public library, the office of a county treasurer, the office of the secretary of state, or the office of a board of elections no later than the thirtieth day preceding a primary, special, or general election for the person to qualify as an elector eligible to vote at that election. An otherwise valid registration application received after that day entitles the elector to vote at all subsequent elections.
Any state or local office of a designated agency, the office of the registrar or any deputy registrar of motor vehicles, a public high school or vocational school, a public library, or the office of a county treasurer shall date stamp a registration application or change of name or change of address form it receives using a date stamp that does not disclose the identity of the state or local office that receives the registration.
(B)(1) Any person may apply in person, by telephone, by mail, or through another person for voter registration forms to the office of the secretary of state or the office of a board of elections. An individual who is eligible to vote as a uniformed services voter or an overseas voter in accordance with 42 U.S.C. 1973ff-6 also may apply for voter registration forms by electronic means to the office of the secretary of state or to the board of elections of the county in which the person's voting residence is located pursuant to section 3503.191 of the Revised Code.
(2)(a) An applicant may return the applicant's completed registration form in person or by mail to any state or local office of a designated agency, to a public high school or vocational school, to a public library, to the office of a county treasurer, to the office of the secretary of state, or to the office of a board of elections. An applicant who is eligible to vote as a uniformed services voter or an overseas voter in accordance with 42 U.S.C. 1973ff-6 also may return the applicant's completed voter registration form electronically to the office of the secretary of state or to the board of elections of the county in which the person's voting residence is located pursuant to section 3503.191 of the Revised Code.
(c) A person who receives compensation for registering a voter shall return any registration form entrusted to that person by an applicant to any board of elections or to the office of the secretary of state.
(C)(1) A board of elections that receives a voter registration application and is satisfied as to the truth of the statements made in the registration form shall register the applicant not later than twenty business days after receiving the application, unless that application is received during the thirty days immediately preceding the day of an election. The board shall promptly notify the applicant in writing of each of the following:
(a) The applicant's registration;
(b) The precinct in which the applicant is to vote;
(c) In bold type as follows:
""Voters must bring photo identification to the polls in order to verify identity. Voters who do not provide photo identification will still be able to vote by casting a provisional ballot.""
The notification shall be by nonforwardable mail. If the mail is returned to the board, it shall investigate and cause the notification to be delivered to the correct address.
(2) If, after investigating as required under division (C)(1) of this section, the board is unable to verify the voter's correct address, it shall proceed under section 3503.201 of the Revised Code.",,,,,Ohio,ORC § 3503.19,School intake site,High schools may receive voter-registration applications and forward them to election boards.
,36,Oklahoma,No school-specific statute identified in current review,,,,,,,,,,,,
21,37,Oregon,ORS § 329.049,School policy requirement,,School districts with high schools must adopt plans encouraging student voter registration.,"Each school district that includes a public high school shall adopt a plan to encourage students to register to vote and vote in elections, including but not limited to: (a) Posting a link to the electronic voter registration website maintained by the Secretary of State on the Internet home webpage, if any, of each public high school; and (b) Making materials developed by the Secretary of State relating to voting and voter registration readily available to students at each public high school.
(b) The State Board of Education shall by rule incorporate voter registration skills into the Essential Learning Skills. [2009 c.702 §1]",,,,,Oregon,ORS § 329.049,School policy requirement,School districts with high schools must adopt plans encouraging student voter registration.
,38,Pennsylvania,No general high-school statute identified; separate special-education transition-related guidance may exist,,,,,,,,,,,,
18,38,Pennsylvania,25 Pa. Stat. § 1322(d),School facility access for registration,"School space available:
School boards must provide space in public school buildings when county voter-registration commissions request it for registration activities.",School boards must provide space in public school buildings when county voter-registration commissions request it for registration activities.,The board of public education or the board of school directors shall furnish suitable space in any public school building under its jurisdiction or control and shall cause the space to be open and in proper order for use as a place of registration on each day when the space is desired by the commission for use as a place of registration in accordance with the provisions of this part. Use under this subsection may not interfere with school instruction.,,,,,,,,
19,39,Rhode Island,R.I. Gen. Laws § 17-9.1-4.1,Mandatory registration drives,"Voter registration drives:
Election boards must conduct voter-registration drives annually in high schools. ",Election boards must conduct voter-registration drives annually in high schools. Principals may be registration agents and may designate registration agents,"It shall be the duty of local boards to annually conduct a voter registration drive at each high school within the city or town in cooperation with the administration of the schools. Each principal of every public or private high school and director of each vocational school in this state may be a registration agent whose authority shall be limited to receiving and accepting registrations as electors from those qualified applicants who are enrolled as students within the school or are employed within the school. The principal or director may designate one or more persons in the school to serve as registration agents with the same authority as the principal of the school, provided each designation is filed with the local board for the city or town in which the school is located. Each person who is a registration agent pursuant to this section shall be sworn to the faithful performance of his or her duties and shall be subject to removal as a registration agent by the local board for cause shown. All registration made under this section shall be made in accordance with rules and regulations established by the local board of the city or town in which the school is located.",,,,,Rhode Island,R.I. Gen. Laws § 17-9.1-4.1,Mandatory school registration drives,Election boards must conduct voter-registration drives annually in high schools.
20,40,South Carolina,S.C. Code § 59-39-200,Forms available,"Form Availability:
Every high school shall make voter registration application forms available to its students.",High schools must make voter-registration applications available to students.,"Each high school in this State shall make available to its students voter registration application forms. Pursuant to Section 7-5-175, the forms must be provided to high school administrators upon their request to the appropriate county voter registration board or entity charged by law with registering an elector.",,,,,South Carolina,S.C. Code § 59-39-200,Forms available,High schools must make voter-registration forms available to students.
,41,South Dakota,No school-specific statute identified in current review,,,,,,,,,,,,
,42,Tennessee,Tenn. Code § 49-6-2016,Information requirement,,Schools provide seniors information about voting eligibility and registration.,“Each public high school shall provide information to students regarding voter registration.”,"Voter registration applications, if otherwise valid, that are returned by mail to the office of the secretary of state or to the office of a board of elections must be postmarked no later than the thirtieth day preceding a primary, special, or general election in order for the person to qualify as an elector eligible to vote at that election. If an otherwise valid voter registration application that is returned by mail does not bear a postmark or a legible postmark, the registration shall be valid for that election if received by the office of the secretary of state or the office of a board of elections no later than twenty-five days preceding any special, primary, or general election.",,,,Tennessee,Tenn. Code § 49-6-2016,Information requirement,High schools must provide seniors information about voter registration.
21,42,Tennessee,Tenn. Code § 2-2-202(3),Registration agency designation,,Public high schools are designated as voter-registration agencies under Tennessee law.,... public high schools ...shall serve as voter registration agencies.,,Registration agency designation,Public high schools are designated as voter-registration agencies under Tennessee law.,,,,,
22,42,Tennessee,Tenn. Code § 2-2-204,Distribution of forms and assistance with application for service,,Provide voter registration information in connecction with applications for service and with changes of address,"(a) A voter registration agency that is an office described in § 2-2-202(1) and (2) shall:
(1) Distribute with each application for such service or assistance, and with each recertification, renewal, or change of address form relating to such service or assistance, the voter registration-by-mail application form described in § 2-2-115, unless the applicant, in writing, declines to register to vote;
(2) To the greatest extent practicable, incorporate in that agency's application for services or assistance, recertification, renewal or change of address form, a means by which a person who completes the form may decline, in writing, to register to vote;
(3) Provide to each applicant who does not decline to register to vote the same degree of assistance with regard to the completion of the registration application form as is provided by the office with regard to the completion of its own forms; and (b) A completed voter registration accepted at a voter registration agency described in this section shall be transmitted to the appropriate county election commission office not later than ten (10) days after the date of acceptance; provided, that if the document is accepted within five (5) days before the last day for registration to vote in an election, the application shall be transmitted to the appropriate county election commission office not later than five (5) days after the date of acceptance.",,,,,,,,
22,42,Tennessee,Tenn. Code § 2-2-205,Distribution of forms and assistance w/o application for service,,Obligation to distribute and assist with voter registration forms in schools that do not have applications for services,"(a) To the extent that a voter registration agency is an office, public library or high school described in § 2-2-202(3) and does not require or provide applications for its services, that office, public library or high school shall: 
(1) Distribute or otherwise make available the voter registration-by-mail application form described in § 2-2-115 to those individuals whom the office, public library or high school serves; 
(2) Provide the person the same degree of assistance with regard to the completion of the registration application form as is provided by the office, public library or high school with regard to the services offered by that office, public library or high school; and 
(3) Accept the completed voter registration forms for transmittal to the appropriate county election commission to be processed as a voter registration-by-mail form in accordance with § 2-2-115. 
(b) A completed voter registration accepted at a voter registration agency described in this section shall be transmitted to the appropriate county election commission office not later than ten (10) days after the date of acceptance; provided, that if the document is accepted within five (5) days before the last day for registration to vote in an election, the application shall be transmitted to the appropriate county election commission office not later than five (5) days after the date of acceptance.",,,,,,,,
23,43,Texas,Tex. Elec. Code § 13.046,School registrar,,High school principals serve as deputy registrars.,"a) Each principal of a public or private high school or the principal's designee shall serve as a deputy registrar for the county in which the school is located.
(b) In this code, “high school deputy registrar” means a deputy registrar serving under this section.
(c) A high school deputy registrar may distribute registration application forms to and receive registration applications submitted to the deputy in person from students and employees of the school only.
(d) At least twice each school year, a high school deputy registrar shall distribute an officially prescribed registration application form to each student who is or will be 18 years of age or older during that year, subject to rules prescribed by the secretary of state.
(e) Each application form distributed under this section must be accompanied by a notice informing the student or employee that the application may be submitted in person or by mail to the voter registrar of the county in which the applicant resides or in person to a high school deputy registrar or volunteer deputy registrar for delivery to the voter registrar of the county in which the applicant resides.
(f) Except as provided by this subsection, Sections
13.039, 13.041, and 13.042 apply to the submission and delivery of registration applications under this section, and for that purpose, “volunteer deputy registrar” in those sections includes a high school deputy registrar. A high school deputy registrar may review an application for completeness out of the applicant's presence. A deputy may deliver a group of applications to the registrar by mail in an envelope or package, and, for the purpose of determining compliance with the delivery deadline, an application delivered by mail is considered to be delivered at the time of its receipt by the registrar.
(g) A high school deputy registrar commits an offense if the deputy fails to comply with Section
13.042. An offense under this subsection is a Class C misdemeanor unless the deputy's failure to comply is intentional, in which case the offense is a Class A misdemeanor.
(h) The secretary of state shall prescribe any additional procedures necessary to implement this section.",,,,,Texas,Tex. Elec. Code § 13.046,School registrar,High school principals serve as deputy registrars.
24,44,Utah,Utah Code § 20A-2-302,Forms distributed via schools,permissive; don't include,County clerks may distribute voter-registration forms to high schools for students.,"(a) A county clerk may:
(i)        contact each high school and each accredited nonpublic high school in the county;
(ii)        determine the number of high school seniors; and
(iii)        distribute voter registration forms to each accredited public or private high school in an amount sufficient for distribution to each high school senior.
""Each public school and accredited nonpublic school may:
    (a) include the voter registration form in the senior registration packet; and
    (b) collect and forward completed voter registration forms to the county clerk.""",,,,,Utah,Utah Code § 20A-2-302,Forms distributed via schools,County clerks may distribute voter-registration forms to high schools.
,45,Vermont,No school-specific statute identified in current review,,,,,(4) Accept the completed voter registration forms for transmittal to the appropriate county election commission to be processed as a voter registration-by-mail form in accordance with § 2-2-115.,,,,,,,
25,46,Virginia,Va. Code § 22.1-203.4,School-day registration opportunity,"Opportunity to Register:
Publich high schools shall provide students who are old enough to vote an opportunty to complete an application during the normal course of the school day, including through online registration or paper forms.",Schools must give eligible students the opportunity to register during the school day.,"Each public high school shall provide to any enrolled student who is of voting age or is eligible to register to vote pursuant to § 24.2-403 
(i) mail voter registration applications and voter registration information provided by the Department of Elections or 
(ii) access to the Virginia online voter registration system on a school-owned computing device that is accessible to such student. 
Each student who is eligible to register to vote shall be provided the opportunity to complete an application form during the normal course of the school day.",,,,,,,,
26,47,Washington,RCW § 28A.230.150,Civic day registration event,"Special Days:
January 16 is Temperance and Good Citizenship Day. Social studies teachers must, as resources allow, coordinate a voter registration event for high school seniors and make voter sign up and registration available to all students.

Opportunity to Register:
All students who will be eighteen years of age or older by the time of the next general election will be given the opportunity to register to vote online in the classroom. Students who do not possess a state identicard or driver's license must be provided a paper registration form. 

Form Distribution:
The superintendent of public instruction, in consultation with the secretary of state, must update and distribute youth voter registration materials annually, by December 1st, for eligible students to register to vote at school. ","Social studies teachers must coordinate voter-registration events on Temperance and Good Citizenship Day, as resources allow","Temperance and Good Citizenship Day—Aids in programming—Voter registration—Report.
(1) On January 16th of each year or the preceding Friday when January 16th falls on a nonschool day, there shall be observed within each public school ""Temperance and Good Citizenship Day."" Annually the state superintendent of public instruction shall duly prepare and publish for circulation among the teachers of the state a program for use on such day embodying topics pertinent thereto and may from year to year designate particular laws for special observance.
(2) Each year on ""Temperance and Good Citizenship Day,"" social studies teachers must, as resources allow, coordinate a voter registration event in each history or social studies class attended by high school seniors. This event is part of the future voter program. Teachers must make voter sign up and registration available to all students.
(3) County auditors may, as resources allow, help coordinate elements of the future voter program, and participate in voter registration events for students on ""Temperance and Good Citizenship Day.""
(4) On each temperance and good citizenship day all students who will be eighteen years of age or older by the time of the next general election will be given the opportunity to register to vote online in the classroom. Paper registration must also be made available in the classroom. Students who do not possess a state identicard or driver's license must be provided a paper registration form. The event must include adequate time for students to complete the registration process in class.
(5) The superintendent of public instruction, in consultation with the secretary of state, must update and distribute youth voter registration materials annually, by December 1st, for eligible students to register to vote at school. Electronic notification of the availability of the materials must be distributed to high school principals and secondary social studies and history teachers.
(6) The superintendent of public instruction must consult with the secretary of state to provide registration methods that enable the electronic collection of information on the number of students who registered to vote on ""Temperance and Good Citizenship Day,"" with the goal of achieving at least fifty thousand new voter registrations for seventeen and eighteen year olds annually, beginning in January 2020.
(7) Beginning March 1, 2020, and annually thereafter, the superintendent of public instruction must report on yearly progress toward the goal established in *subsection (5) of this section, including the number of seventeen and eighteen year olds registered to vote by county and recommendations for increasing youth voter registration, to the governor and the appropriate standing committees of the legislature in accordance with RCW 43.01.036.
(8) For the purposes of this section:
(a) ""Future voter program"" refers to the information that may be collected by a number of processes about a future voter. Information that is otherwise disclosable under chapter 29A.08 RCW cannot be disclosed on the future voter until the person reaches age eighteen, except for the purpose of processing and delivering ballots.
(b) ""Sign up"" means the act of providing information relevant to eventual official voter registration, prior to such time that he or she will be eighteen years of age by the next election.",,,,,,,,
,48,West Virginia,No school-specific statute identified in current review,,,,"(1) On January 16th of each year or the preceding Friday when January 16th falls on a nonschool day, there shall be observed within each public school ""Temperance and Good Citizenship Day."" Annually the state superintendent of public instruction shall duly prepare and publish for circulation among the teachers of the state a program for use on such day embodying topics pertinent thereto and may from year to year designate particular laws for special observance.",,,,,,,,
,49,Wisconsin,No current school-specific statute identified in current review,,,,"(2) Each year on ""Temperance and Good Citizenship Day,"" social studies teachers must, as resources allow, coordinate a voter registration event in each history or social studies class attended by high school seniors. This event is part of the future voter program. Teachers must make voter sign up and registration available to all students.","(d) If a board of elections or the office of the secretary of state receives a registration form under division (B)(2)(b) or (c) of this section before the thirtieth day before an election, the board or the office of the secretary of state, as applicable, shall forward the registration to the board of elections of the county in which the applicant is seeking to register to vote within ten days after receiving the application. If a board of elections or the office of the secretary of state receives a registration form under division (B)(2)(b) or (c) of this section on or after the thirtieth day before an election, the board or the office of the secretary of state, as applicable, shall forward the registration to the board of elections of the county in which the applicant is seeking to register to vote within thirty days after that election.",,,,,,,
,50,Wyoming,No school-specific statute identified in current review,,,,"(3) County auditors may, as resources allow, help coordinate elements of the future voter program, and participate in voter registration events for students on ""Temperance and Good Citizenship Day.""",,,,,,,,